Feature,Importance
roll_mean5,1268.4919479881833
price_lag3,682.0693317979485
price_lag2,99.56759011536292
price_lag1,70.43180833477882
roll_std5,24.712873743309764
return_lag2,21.10735156881235
return_lag1,2.3559616658768903
