Feature,Importance
EMA12,10.401376079491287
EMA26,10.387518477026482
MACD_Histogram,1.5403629004710289
MACD,0.9107640177125214
Signal_Line,0.4547836694016605
RSI,0.34211889312220756
negative,0.10539341263421181
positive,0.069171067653231
compound,0.014869619779021306
