Feature,Importance
RSI,0.12231783833861144
MACD_Histogram,0.12061180587114699
MACD,0.11956517447022781
EMA26,0.11706213978824778
EMA12,0.11286083717611455
Signal_Line,0.11040333895480078
negative,0.10341427163168415
positive,0.09999979961984336
compound,0.09376479414932319
